{"CHD": {"open": 7.058018929080217, "high": 7.075461781908747, "low": 6.980685846137399, "close": 7.028119449333135, "EMA": 3.142356082374874, "RSI": 14.967204474720829}, "CVX": {"open": 13.090411449246071, "high": 12.933537935759093, "low": 13.215452639455718, "close": 13.058347958741027, "EMA": 4.967937032712111, "RSI": 16.605132780657023}, "DUK": {"open": 5.618194717947017, "high": 5.639414305072419, "low": 5.595031474584419, "close": 5.6334335972857525, "EMA": 1.8930791720351434, "RSI": 16.362509215525687}, "DVA": {"open": 7.306352180445461, "high": 7.298254568854157, "low": 7.3027513943082, "close": 7.315568129279298, "EMA": 4.086909138909012, "RSI": 16.227426304879135}, "EQR": {"open": 8.10700812025189, "high": 8.197277419699612, "low": 8.01659194914504, "close": 8.097756060706908, "EMA": 4.249506383700899, "RSI": 16.030891169020315}, "ESS": {"open": 32.8001733410145, "high": 33.060532905476926, "low": 32.537745506802885, "close": 32.816379125949965, "EMA": 17.24416716553012, "RSI": 17.22082259079905}, "FOX": {"open": 2.9615919753586266, "high": 2.9631619025430274, "low": 2.949710628270701, "close": 2.949630447419902, "EMA": 0.9143950138535897, "RSI": 16.7811719082291}, "GILD": {"open": 18.90155138859613, "high": 19.130202166886843, "low": 18.634220945467384, "close": 18.885907065423016, "EMA": 13.839058820226294, "RSI": 16.708604237061408}, "GPS": {"open": 8.056989244775224, "high": 8.063485699139841, "low": 8.049552641652829, "close": 8.05447951582238, "EMA": 2.3834673466520244, "RSI": 18.73566123586229}, "HAL": {"open": 9.218476199881518, "high": 9.208956038176943, "low": 9.168677074840772, "close": 9.190780285198073, "EMA": 3.3299675435447065, "RSI": 15.506550774520445}}