{"CHD": {"open": 40.4161220320369, "high": 40.69687177155435, "low": 40.15960802249181, "close": 40.44201331320545, "EMA": 34.73127804742686, "RSI": 54.39020062206743}, "CVX": {"open": 109.00533473013138, "high": 109.80637798546475, "low": 108.13898487395969, "close": 109.00812155552487, "EMA": 115.7434659317847, "RSI": 49.77251977431222}, "DUK": {"open": 75.42433697986772, "high": 75.95304848652326, "low": 74.89365698236767, "close": 75.45173891111547, "EMA": 72.18143520212031, "RSI": 52.33670744067759}, "DVA": {"open": 69.04677288718257, "high": 69.56443311001392, "low": 68.50768202382622, "close": 69.04373399382787, "EMA": 65.7977461077812, "RSI": 50.95094076153863}, "EQR": {"open": 65.66081591093668, "high": 66.2007721924697, "low": 65.0985414742575, "close": 65.67713165690466, "EMA": 61.196813945188325, "RSI": 52.53351903476987}, "ESS": {"open": 203.03877964952258, "high": 204.81541099717882, "low": 201.2440877143012, "close": 203.11902228190104, "EMA": 176.00992497468093, "RSI": 54.406401708908795}, "FOX": {"open": 30.58897897417641, "high": 30.86956700494595, "low": 30.287815179697187, "close": 30.587425429232944, "EMA": 31.85227067134854, "RSI": 50.52988967759013}, "GILD": {"open": 83.23514770602587, "high": 84.1152080471577, "low": 82.19600462824661, "close": 83.15986695513857, "EMA": 73.06711951144877, "RSI": 52.59626038911264}, "GPS": {"open": 33.42226259355113, "high": 33.786621457957125, "low": 33.055455972964296, "close": 33.42333454209931, "EMA": 37.9137448174549, "RSI": 49.48407221025417}, "HAL": {"open": 47.22229494091461, "high": 47.80106824363315, "low": 46.623775529946144, "close": 47.216081764261844, "EMA": 47.7655205687009, "RSI": 51.04400772821592}}